{"stats":{"minecraft:custom":{"minecraft:time_since_rest":2997525,"minecraft:sprint_one_cm":102440,"minecraft:walk_one_cm":82688,"minecraft:drop":4,"minecraft:inspect_hopper":77,"minecraft:fly_one_cm":24056642,"minecraft:open_barrel":41,"minecraft:crouch_one_cm":10375,"minecraft:play_time":2997525,"minecraft:sneak_time":263575,"minecraft:jump":1830,"minecraft:leave_game":56,"minecraft:time_since_death":2997525,"minecraft:total_world_time":3106189,"minecraft:climb_one_cm":1839},"minecraft:picked_up":{"minecraft:torchflower":368},"minecraft:dropped":{"minecraft:redstone_lamp":1,"minecraft:cyan_wool":1,"minecraft:red_wool":1,"minecraft:redstone_block":1},"minecraft:used":{"minecraft:redstone_torch":804,"minecraft:purple_stained_glass":156,"minecraft:sticky_piston":28,"minecraft:glass":11,"minecraft:piston":1,"minecraft:bamboo_trapdoor":1,"minecraft:lever":444,"minecraft:black_wool":1489,"minecraft:light_gray_stained_glass":388,"minecraft:acacia_sign":4,"minecraft:spruce_button":1,"minecraft:red_wool":1789,"minecraft:brown_stained_glass":20,"minecraft:yellow_stained_glass":67,"minecraft:red_stained_glass":155,"minecraft:brown_wool":245,"minecraft:redstone":9372,"minecraft:oak_button":1,"minecraft:lime_wool":969,"minecraft:stone_button":42,"minecraft:green_wool":715,"minecraft:blue_wool":1288,"minecraft:tinted_glass":3,"minecraft:red_terracotta":1,"minecraft:redstone_block":595,"minecraft:pink_wool":38,"minecraft:barrel":17,"minecraft:copper_bulb":72,"minecraft:yellow_wool":306,"minecraft:white_wool":6,"minecraft:yellow_concrete_powder":1,"minecraft:light_gray_wool":1769,"minecraft:orange_stained_glass":40,"minecraft:birch_button":10,"minecraft:repeater":1346,"minecraft:redstone_lamp":851,"minecraft:acacia_hanging_sign":1,"minecraft:target":77,"minecraft:comparator":317,"minecraft:black_stained_glass":449,"minecraft:magenta_wool":65,"minecraft:scaffolding":202,"minecraft:hopper":12,"minecraft:crimson_stairs":2,"minecraft:blue_stained_glass":232,"minecraft:lime_stained_glass":228,"minecraft:light_blue_wool":698,"minecraft:white_stained_glass":4,"minecraft:orange_wool":633,"minecraft:smooth_stone_slab":3,"minecraft:polished_blackstone_button":2,"minecraft:cyan_wool":201,"minecraft:gray_wool":892,"minecraft:observer":22,"minecraft:light_blue_stained_glass":117,"minecraft:purple_wool":728,"minecraft:cyan_stained_glass":25,"minecraft:gray_stained_glass":249,"minecraft:green_stained_glass":176}},"DataVersion":3955}