{"stats":{"minecraft:picked_up":{"minecraft:torchflower":368,"minecraft:stone_button":738},"minecraft:dropped":{"minecraft:redstone_lamp":1,"minecraft:cyan_wool":1,"minecraft:red_wool":2,"minecraft:redstone_block":2},"minecraft:used":{"minecraft:redstone_torch":959,"minecraft:purple_stained_glass":156,"minecraft:sticky_piston":30,"minecraft:glass":11,"minecraft:piston":1,"minecraft:bamboo_trapdoor":1,"minecraft:lever":562,"minecraft:black_wool":1927,"minecraft:light_gray_stained_glass":388,"minecraft:acacia_sign":4,"minecraft:spruce_button":1,"minecraft:red_wool":2210,"minecraft:brown_stained_glass":20,"minecraft:yellow_stained_glass":67,"minecraft:red_stained_glass":379,"minecraft:brown_wool":252,"minecraft:redstone":11234,"minecraft:oak_button":1,"minecraft:barrier":10,"minecraft:lime_wool":1105,"minecraft:stone_button":121,"minecraft:green_wool":763,"minecraft:blue_wool":2052,"minecraft:tinted_glass":3,"minecraft:red_terracotta":3,"minecraft:redstone_block":973,"minecraft:white_dye":4,"minecraft:warped_sign":6,"minecraft:glow_ink_sac":4,"minecraft:pink_wool":182,"minecraft:barrel":36,"minecraft:copper_bulb":72,"minecraft:yellow_wool":306,"minecraft:glow_item_frame":1,"minecraft:crimson_sign":2,"minecraft:white_wool":6,"minecraft:yellow_concrete_powder":1,"minecraft:light_gray_wool":1798,"minecraft:orange_stained_glass":54,"minecraft:birch_button":10,"minecraft:repeater":1798,"minecraft:redstone_lamp":958,"minecraft:acacia_hanging_sign":1,"minecraft:target":92,"minecraft:comparator":409,"minecraft:black_stained_glass":510,"minecraft:magenta_wool":65,"minecraft:scaffolding":202,"minecraft:hopper":12,"minecraft:crimson_stairs":2,"minecraft:blue_stained_glass":384,"minecraft:lime_stained_glass":265,"minecraft:light_blue_wool":750,"minecraft:white_stained_glass":4,"minecraft:orange_wool":1105,"minecraft:smooth_stone_slab":3,"minecraft:polished_blackstone_button":2,"minecraft:cyan_wool":286,"minecraft:gray_wool":933,"minecraft:observer":31,"minecraft:light_blue_stained_glass":120,"minecraft:waxed_copper_bulb":1,"minecraft:purple_wool":728,"minecraft:cyan_stained_glass":25,"minecraft:gray_stained_glass":251,"minecraft:green_stained_glass":180},"minecraft:custom":{"minecraft:time_since_rest":8971321,"minecraft:sprint_one_cm":286526,"minecraft:walk_one_cm":188271,"minecraft:drop":6,"minecraft:inspect_hopper":353,"minecraft:fly_one_cm":40825888,"minecraft:open_barrel":58,"minecraft:crouch_one_cm":15360,"minecraft:play_time":8971321,"minecraft:sneak_time":742760,"minecraft:jump":5468,"minecraft:leave_game":100,"minecraft:time_since_death":8971321,"minecraft:total_world_time":9854778,"minecraft:climb_one_cm":1839}},"DataVersion":3955}